image_id,filename,reference_truth,rule_class,rule_score,rf_class,rf_conf,svm_class,svm_conf,dl_class,dl_conf,consensus,agreement_4way,agreement_rule_rf,agreement_rule_dl,agreement_rf_dl,primary_recommendation,nutrient_focus,urgency
1,1.jpeg,Healthy,Healthy,19.52,Healthy,0.55,Healthy,0.607,Healthy,0.297,4/4 (Healthy),True,True,True,True,Optimal Plant Vigor,Balanced maintenance (NPK + trace minerals),None (Routine maintenance)
10,10.jpeg,Mild,Mild,32.67,Mild,0.91,Mild,0.624,Mild,0.313,4/4 (Mild),True,True,True,True,Early-Stage Stress / Incipient Chlorosis,Magnesium (Mg) and Iron (Fe) foliar booster; check soil pH,Low to Moderate (Corrective care within 1-2 weeks)
11,11.jpeg,Mild,Mild,25.27,Mild,1.0,Mild,0.605,Mild,0.421,4/4 (Mild),True,True,True,True,Early-Stage Stress / Incipient Chlorosis,Magnesium (Mg) and Iron (Fe) foliar booster; check soil pH,Low to Moderate (Corrective care within 1-2 weeks)
12,12.jpeg,Mild,Mild,24.67,Mild,0.97,Mild,0.622,Mild,0.366,4/4 (Mild),True,True,True,True,Early-Stage Stress / Incipient Chlorosis,Magnesium (Mg) and Iron (Fe) foliar booster; check soil pH,Low to Moderate (Corrective care within 1-2 weeks)
13,13.jpeg,Severe,Severe,75.52,Severe,0.65,Severe,0.688,Severe,0.598,4/4 (Severe),True,True,True,True,Advanced Chlorosis & Critical Vascular Degradation,"Emergency full-spectrum micronutrients (Fe, Mg, Mn, Zn) + root flush",Critical (Immediate intervention required)
14,14.jpeg,Mild,Mild,27.39,Mild,0.89,Mild,0.48,Mild,0.398,4/4 (Mild),True,True,True,True,Early-Stage Stress / Incipient Chlorosis,Magnesium (Mg) and Iron (Fe) foliar booster; check soil pH,Low to Moderate (Corrective care within 1-2 weeks)
16,16.jpeg,Moderate,Moderate,68.77,Moderate,0.9,Moderate,0.606,Moderate,0.436,4/4 (Moderate),True,True,True,True,Established Nutrient Deficiency / Vascular Contrast,"Chelated Iron (Fe), Magnesium (Mg), and Potassium (K)",Moderate to High (Remediate within 3-5 days)
2,2.jpeg,Moderate,Moderate,66.32,Moderate,0.94,Moderate,0.621,Moderate,0.525,4/4 (Moderate),True,True,True,True,Established Nutrient Deficiency / Vascular Contrast,"Chelated Iron (Fe), Magnesium (Mg), and Potassium (K)",Moderate to High (Remediate within 3-5 days)
3,3.jpeg,Moderate,Mild,34.4,Moderate,0.74,Moderate,0.428,Moderate,0.595,3/4 (Moderate),False,False,False,True,Early-Stage Stress / Incipient Chlorosis,Magnesium (Mg) and Iron (Fe) foliar booster; check soil pH,Low to Moderate (Corrective care within 1-2 weeks)
4,4.jpeg,Mild,Healthy,17.64,Mild,0.96,Mild,0.607,Mild,0.347,3/4 (Mild),False,False,False,True,Optimal Plant Vigor,Balanced maintenance (NPK + trace minerals),None (Routine maintenance)
6,6.jpeg,Mild,Mild,37.42,Mild,0.74,Mild,0.465,Moderate,0.418,3/4 (Mild),False,True,False,False,Early-Stage Stress / Incipient Chlorosis,Magnesium (Mg) and Iron (Fe) foliar booster; check soil pH,Low to Moderate (Corrective care within 1-2 weeks)
7,7.jpeg,Moderate,Moderate,59.39,Moderate,0.88,Moderate,0.56,Moderate,0.613,4/4 (Moderate),True,True,True,True,Established Nutrient Deficiency / Vascular Contrast,"Chelated Iron (Fe), Magnesium (Mg), and Potassium (K)",Moderate to High (Remediate within 3-5 days)
8,8.jpeg,Moderate,Moderate,46.24,Moderate,0.96,Moderate,0.553,Moderate,0.5,4/4 (Moderate),True,True,True,True,Established Nutrient Deficiency / Vascular Contrast,"Chelated Iron (Fe), Magnesium (Mg), and Potassium (K)",Moderate to High (Remediate within 3-5 days)
9,9.jpeg,Mild,Mild,20.81,Mild,0.84,Mild,0.62,Mild,0.417,4/4 (Mild),True,True,True,True,Early-Stage Stress / Incipient Chlorosis,Magnesium (Mg) and Iron (Fe) foliar booster; check soil pH,Low to Moderate (Corrective care within 1-2 weeks)
