image_id,filename,image_path,severity_score,severity_class,rule_class,ref_label,yellow_pixel_ratio,interveinal_contrast,vein_density,vein_thickness_avg,dgci,excess_green_index,mean_hue,mean_saturation,color_spatial_variance
1,1.jpeg,C:\Users\THEJASWI NAYAK\Desktop\Web Dev\leafvein_rework\data\raw\1.jpeg,19.52,Healthy,Healthy,healthy,0.020844189682126108,52.24345539372598,0.0581141000957959,6.957659721374512,0.713369637514353,0.7513599017676543,73.40022092344753,200.40614653964607,564.0823643053371
10,10.jpeg,C:\Users\THEJASWI NAYAK\Desktop\Web Dev\leafvein_rework\data\raw\10.jpeg,32.67,Mild,Mild,unlabeled,0.02534753768280149,65.35608955621395,0.03837208894439046,9.592608451843262,0.6734264949538573,0.5412515377152858,61.57840337873627,133.18165618411868,507.2049316436934
11,11.jpeg,C:\Users\THEJASWI NAYAK\Desktop\Web Dev\leafvein_rework\data\raw\11.jpeg,25.27,Mild,Mild,unlabeled,0.10240863752871629,45.254623784191594,0.0407220927479156,8.470381736755371,0.6247141485074776,0.44255752481725674,55.21268128133867,121.76349821574712,398.52891498341006
12,12.jpeg,C:\Users\THEJASWI NAYAK\Desktop\Web Dev\leafvein_rework\data\raw\12.jpeg,24.67,Mild,Mild,unlabeled,0.08323477747831101,40.7680634747187,0.04093755447389946,8.357250213623047,0.7113420949054629,0.3595377500948517,64.25351918151709,113.08230419566354,742.1025213046964
13,13.jpeg,C:\Users\THEJASWI NAYAK\Desktop\Web Dev\leafvein_rework\data\raw\13.jpeg,75.52,Severe,Severe,unlabeled,0.8580363587428586,52.47672988315777,0.04528174355586548,7.7393903732299805,0.30324491061477216,0.5146187030088732,36.879086076754625,203.31857024014877,151.45153749457592
14,14.jpeg,C:\Users\THEJASWI NAYAK\Desktop\Web Dev\leafvein_rework\data\raw\14.jpeg,27.39,Mild,Mild,unlabeled,0.23866529900206232,29.503776628368,0.046127980178494676,7.604692459106445,0.5200489666703281,0.5895147828023916,51.7137674223736,158.68895261692268,358.18877718960414
16,16.jpeg,C:\Users\THEJASWI NAYAK\Desktop\Web Dev\leafvein_rework\data\raw\16.jpeg,68.77,Moderate,Moderate,unlabeled,0.922574440192599,47.91680809511563,0.04597710537815332,8.182930946350098,0.36714433930009055,0.29191525491409154,33.9576331061296,147.50859875602893,108.96881802755809
2,2.jpeg,C:\Users\THEJASWI NAYAK\Desktop\Web Dev\leafvein_rework\data\raw\2.jpeg,66.32,Moderate,Moderate,deficient,0.764603577738516,37.60012151965819,0.03595774440518257,8.262977600097656,0.360808229308606,0.5602674336360116,40.707030329799764,181.79432972614842,260.1726110167925
3,3.jpeg,C:\Users\THEJASWI NAYAK\Desktop\Web Dev\leafvein_rework\data\raw\3.jpeg,34.4,Moderate,Mild,deficient,0.391101550438084,29.228999409282665,0.052263593629680145,7.273876190185547,0.5188637322146179,0.5464993750140918,50.125483194967494,150.59105519436986,522.6178149426244
4,4.jpeg,C:\Users\THEJASWI NAYAK\Desktop\Web Dev\leafvein_rework\data\raw\4.jpeg,17.64,Mild,Healthy,possibly_deficient,0.09931361485821955,32.809137569558274,0.045236936719756385,8.319046020507812,0.6691592046147639,0.5242217066094188,61.171303451447976,135.90237535698387,670.9356346012557
6,6.jpeg,C:\Users\THEJASWI NAYAK\Desktop\Web Dev\leafvein_rework\data\raw\6.jpeg,37.42,Mild,Mild,healthy,0.34166499787965887,31.62015289769917,0.0392778471469632,8.494433403015137,0.5163237241998214,0.47987947415737636,48.8465226405315,139.83453976817603,383.3167089373928
7,7.jpeg,C:\Users\THEJASWI NAYAK\Desktop\Web Dev\leafvein_rework\data\raw\7.jpeg,59.39,Moderate,Moderate,possibly_deficient,0.5606622425138664,39.858510862645716,0.041654490211598644,8.44681167602539,0.43046067278800293,0.46699297989899796,43.27837358783715,155.99225650883534,291.4822146219711
8,8.jpeg,C:\Users\THEJASWI NAYAK\Desktop\Web Dev\leafvein_rework\data\raw\8.jpeg,46.24,Moderate,Moderate,deficient,0.5156330333748491,19.502241333303175,0.041797606380785064,8.051004409790039,0.4511139109967724,0.5997570449380382,45.37493573300121,171.08924658456988,322.9118736254084
9,9.jpeg,C:\Users\THEJASWI NAYAK\Desktop\Web Dev\leafvein_rework\data\raw\9.jpeg,20.81,Mild,Mild,unlabeled,0.15640020672659963,30.79240313466181,0.05496886901474369,6.882650375366211,0.508973116829132,0.6946349242259708,53.128192672739814,167.2214059626872,344.6428217720088
