image_name,label
image1.jpeg,Healthy
image2.jpeg,Healthy
image3.jpeg,Healthy
image4.jpeg,Healthy
image5.jpeg,Healthy
image6.jpeg,Healthy
image7.jpeg,Healthy
image8.jpeg,Healthy
image9.jpeg,Healthy
image10.jpeg,Healthy
image11.jpeg,Healthy
image12.jpeg,Healthy
image13.jpeg,Healthy
image14.jpeg,Healthy
image15.jpeg,Healthy
image16.jpeg,Healthy
image17.jpeg,Healthy
image18.jpeg,Healthy
image19.jpeg,Healthy
image20.jpeg,Healthy
image21.jpeg,Healthy
image22.jpeg,Healthy
image23.jpeg,Healthy
image24.jpeg,Healthy
image25.jpeg,Healthy
image26.jpeg,Healthy
image27.jpeg,Healthy
image28.jpeg,Healthy
image29.jpeg,Healthy
image30.jpeg,Healthy
image31.jpeg,Healthy
image32.jpeg,Healthy
image33.jpeg,Healthy
image34.jpeg,Healthy
image35.jpeg,Healthy
image36.jpeg,Healthy
image37.jpeg,Unhealthy
image38.jpeg,Unhealthy
image39.jpeg,Unhealthy
image40.jpeg,Unhealthy
image41.jpeg,Unhealthy
image42.jpeg,Unhealthy
image43.jpeg,Unhealthy
image44.jpeg,Unhealthy
image45.jpeg,Unhealthy
image46.jpeg,Unhealthy
image47.jpeg,Unhealthy
image48.jpeg,Unhealthy
image49.jpeg,Unhealthy
image50.jpeg,Unhealthy
image51.jpeg,Unhealthy
image52.jpeg,Unhealthy
image53.jpeg,Unhealthy
image54.jpeg,Unhealthy
image55.jpeg,Unhealthy
image56.jpeg,Unhealthy
image57.jpeg,Unhealthy
image58.jpeg,Unhealthy
image59.jpeg,Unhealthy
image60.jpeg,Unhealthy
image61.jpeg,Unhealthy
image62.jpeg,Unhealthy
image63.jpeg,Unhealthy
image64.jpeg,Unhealthy
image65.jpeg,Unhealthy
image66.jpeg,Unhealthy
image67.jpeg,Unhealthy
image68.jpeg,Unhealthy
image69.jpeg,Unhealthy
image70.jpeg,Unhealthy
image71.jpeg,Unhealthy
image72.jpeg,Unhealthy
image73.jpeg,Unhealthy
image74.jpeg,Unhealthy
image75.jpeg,Unhealthy
image76.jpeg,Unhealthy
image77.jpeg,Unhealthy
image78.jpeg,Unhealthy
image79.jpeg,Unhealthy
image80.jpeg,Unhealthy
image81.jpeg,Unhealthy
image82.jpeg,Unhealthy
image83.jpeg,Unhealthy
image84.jpeg,Unhealthy
image85.jpeg,Unhealthy
image86.jpeg,Unhealthy
image87.jpeg,Unhealthy
image88.jpeg,Unhealthy
image89.jpeg,Unhealthy
image90.jpeg,Unhealthy
image91.jpeg,Unhealthy
image92.jpeg,Unhealthy
image93.jpeg,Unhealthy
image94.jpeg,Unhealthy
image95.jpeg,Unhealthy
image96.jpeg,Unhealthy
image97.jpeg,Unhealthy
image98.jpeg,non hibiscus
image99.jpeg,non hibiscus
image100.jpeg,non hibiscus
image101.jpeg,non hibiscus
